account_id,billing_month,usage_kwh,billed_amount,expected_amount,deviation_amount,deviation_pct
ACC10021,2025-01-01,874.42,411.89,156.91553448527333,254.97446551472666,162.49153810750093
ACC10161,2025-03-01,721.56,368.13,129.48465618717987,238.64534381282013,184.303956036181
ACC10094,2025-01-01,861.54,388.21,154.60420573687972,233.60579426312026,151.09924930547686
ACC10189,2025-03-01,806.2,330.7,144.67338796233773,186.02661203766226,128.5838499103165
ACC10004,2025-04-01,1359.14,65.2,243.8990182524581,-178.69901825245807,73.2676250740329
ACC10138,2025-02-01,452.05,234.28,81.12081993100318,153.15918006899682,188.8037869923719
ACC10249,2025-02-01,1439.56,120.59,258.33046685073543,-137.74046685073543,53.319482030093845
ACC10095,2025-01-01,869.89,67.32,156.10262150156035,-88.78262150156036,56.87452308459338
ACC10139,2025-03-01,1209.38,139.65,217.02443802268917,-77.37443802268916,35.652407962738245
ACC10064,2025-04-01,1301.47,304.82,233.55007967172375,71.26992032827624,30.515904952142474
ACC10139,2025-04-01,1111.29,128.98,199.42209043496192,-70.44209043496193,35.323113041950286
ACC10139,2025-01-01,1145.1,139.14,205.48932839949507,-66.34932839949508,32.28845454714042
ACC10064,2025-02-01,1311.17,300.57,235.29075427261023,65.27924572738976,27.744076017435255
ACC10115,2025-03-01,1337.93,175.68,240.09286275917952,-64.41286275917952,26.828312186767327
ACC10140,2025-03-01,586.65,42.55,105.2749231556753,-62.7249231556753,59.58201751704992
ACC10115,2025-02-01,1407.29,193.55,252.5395834104667,-58.98958341046668,23.35854942573007
ACC10115,2025-04-01,1407.68,196.32,252.60956929648174,-56.289569296481744,22.283229195650954
ACC10115,2025-01-01,1123.98,145.83,201.6993234952969,-55.8693234952969,27.699311295210972
ACC10165,2025-04-01,410.82,18.22,73.72205562228676,-55.50205562228676,75.28555078096338
ACC10139,2025-02-01,975.43,120.4,175.04187896316432,-54.64187896316432,31.21646047610304
ACC10064,2025-01-01,1298.35,284.41,232.99019258360354,51.41980741639648,22.06951582219307
ACC10131,2025-02-01,764.85,85.94,137.25308953484745,-51.31308953484745,37.38574461875372
ACC10078,2025-01-01,1446.27,310.45,259.5345829921734,50.91541700782659,19.617970145181772
ACC10031,2025-02-01,1400.82,200.75,251.37853550657644,-50.62853550657644,20.140357411403535
