account_id,billing_month,usage_kwh,billed_amount
ACC10001,2025-01,920.95,154.14
ACC10001,2025-02,689.52,99.35
ACC10001,2025-03,788.74,123.04
ACC10001,2025-04,777.47,116.95
ACC10002,2025-01,1054.44,215.22
ACC10002,2025-02,1096.49,207.55
ACC10002,2025-03,987.41,185.42
ACC10002,2025-04,1035.94,202.19
ACC10003,2025-01,809.99,133.53
ACC10003,2025-02,690.84,112.13
ACC10003,2025-03,691.07,117.9
ACC10003,2025-04,683.22,117.12
ACC10004,2025-01,1545.94,259.19
ACC10004,2025-02,1729.77,306.33
ACC10004,2025-03,1464.39,244.97
ACC10004,2025-04,1359.14,65.2
ACC10005,2025-01,932.31,179.8
ACC10005,2025-02,1010.43,194.6
ACC10005,2025-03,987.1,190.19
ACC10005,2025-04,969.62,185.61
ACC10006,2025-01,727.85,137.64
ACC10006,2025-02,811.92,151.29
ACC10006,2025-03,753.23,157.05
ACC10006,2025-04,707.48,144.03
ACC10007,2025-01,,79.94
ACC10007,2025-02,457.64,85.66
ACC10007,2025-03,374.87,61.27
ACC10007,2025-04,421.74,71.56
ACC10008,2025-01,447.4,74.37
ACC10008,2025-02,499.72,84.15
ACC10008,2025-03,,68.73
ACC10008,2025-04,475.93,72.41
ACC10009,2025-01,870.69,142.14
ACC10009,2025-02,795.44,136.55
ACC10009,2025-03,782.8,130.64
ACC10009,2025-04,860.84,147.13
ACC10010,2025-01,930.78,165.07
ACC10010,2025-02,807.93,132.26
ACC10010,2025-03,766.7,128.52
ACC10010,2025-04,918.89,156.35
ACC10011,2025-01,650.51,139.9
ACC10011,2025-02,611.57,124.33
ACC10011,2025-03,554.96,111.6
ACC10011,2025-04,664.75,123.11
ACC10012,2025-01,843.18,144.21
ACC10012,2025-02,902.91,162.58
ACC10012,2025-03,833.91,154.24
ACC10012,2025-04,945.49,172.77
ACC10013,2025-01,550.01,111.85
ACC10013,2025-02,583.11,109.91
ACC10013,2025-03,560.83,93.45
ACC10013,2025-04,457.94,76.66
ACC10014,2025-01,714.47,107.15
ACC10014,2025-02,572.99,79.24
ACC10014,2025-03,629.87,102.74
ACC10014,2025-04,732.67,135.02
ACC10015,2025-01,700.4,114.35
ACC10015,2025-02,817.82,127.7
ACC10015,2025-03,759.73,120.59
ACC10015,2025-04,895.53,144.73
ACC10016,2025-01,606.43,92.71
ACC10016,2025-02,724.5,129.55
ACC10016,2025-03,670.82,114.71
ACC10016,2025-04,629.13,90.73
ACC10017,2025-01,666.19,103.68
ACC10017,2025-02,595.33,91.3
ACC10017,2025-03,545.86,93.42
ACC10017,2025-04,491.52,81.02
ACC10018,2025-01,584.44,100.61
ACC10018,2025-02,534.05,102.27
ACC10018,2025-03,644.53,123.05
ACC10018,2025-04,550.03,106.2
ACC10019,2025-01,1166.23,223.89
ACC10019,2025-02,1268.35,246.15
ACC10019,2025-03,1125.9,197.81
ACC10019,2025-04,954.37,189.18
ACC10020,2025-01,1353.71,250.5
ACC10020,2025-02,1251.81,213.67
ACC10020,2025-03,1362.0,237.11
ACC10020,2025-04,1279.02,224.32
ACC10021,2025-01,874.42,411.89
ACC10021,2025-02,688.91,143.01
ACC10021,2025-03,721.36,140.4
ACC10021,2025-04,718.61,146.91
ACC10022,2025-01,1064.24,159.46
ACC10022,2025-02,1026.22,165.52
ACC10022,2025-03,1016.44,166.69
ACC10022,2025-04,949.63,140.17
ACC10023,2025-01,724.54,125.26
ACC10023,2025-02,718.42,134.62
ACC10023,2025-03,810.19,164.78
ACC10023,2025-04,592.02,107.14
ACC10024,2025-01,475.92,89.69
ACC10024,2025-02,427.73,66.7
ACC10024,2025-03,329.36,54.09
ACC10024,2025-04,374.86,58.81
ACC10025,2025-01,466.93,71.43
ACC10025,2025-02,687.13,112.09
ACC10025,2025-03,458.52,96.36
ACC10025,2025-04,664.62,109.01
ACC10026,2025-01,793.9,140.43
ACC10026,2025-02,660.28,129.58
ACC10026,2025-03,642.1,116.96
ACC10026,2025-04,607.12,102.43
ACC10027,2025-01,724.86,122.17
ACC10027,2025-02,741.82,137.68
ACC10027,2025-03,654.02,117.05
ACC10027,2025-04,647.44,113.09
ACC10028,2025-01,592.33,127.11
ACC10028,2025-02,692.26,132.08
ACC10028,2025-03,502.28,84.69
ACC10028,2025-04,608.55,115.49
ACC10029,2025-01,995.39,148.07
ACC10029,2025-02,809.76,113.73
ACC10029,2025-03,849.94,123.75
ACC10029,2025-04,803.9,115.83
ACC10030,2025-01,808.74,127.51
ACC10030,2025-02,688.3,127.41
ACC10030,2025-03,659.88,117.82
ACC10030,2025-04,528.32,99.33
ACC10031,2025-01,1531.21,226.02
ACC10031,2025-02,1400.82,200.75
ACC10031,2025-03,1238.47,195.33
ACC10031,2025-04,1355.99,216.34
ACC10032,2025-01,1365.45,261.28
ACC10032,2025-02,1258.95,235.29
ACC10032,2025-03,1064.02,195.29
ACC10032,2025-04,1161.58,209.86
ACC10033,2025-01,1131.13,205.3
ACC10033,2025-02,1196.88,216.72
ACC10033,2025-03,775.78,136.15
ACC10033,2025-04,812.61,139.02
ACC10034,2025-01,1215.44,226.17
ACC10034,2025-02,1311.06,242.98
ACC10034,2025-03,1108.25,216.11
ACC10034,2025-04,1325.23,260.31
ACC10035,2025-01,347.8,68.03
ACC10035,2025-02,401.12,58.14
ACC10035,2025-03,295.36,59.69
ACC10035,2025-04,264.27,60.98
ACC10036,2025-01,825.94,169.16
ACC10036,2025-02,969.55,192.8
ACC10036,2025-03,814.99,162.66
ACC10036,2025-04,727.57,142.1
ACC10037,2025-01,802.96,142.22
ACC10037,2025-02,720.85,147.13
ACC10037,2025-03,614.27,108.7
ACC10037,2025-04,677.04,133.81
ACC10038,2025-01,839.32,180.12
ACC10038,2025-02,815.92,187.17
ACC10038,2025-03,688.39,126.18
ACC10038,2025-04,815.55,164.81
ACC10039,2025-01,671.51,128.45
ACC10039,2025-02,671.59,132.12
ACC10039,2025-03,758.89,160.67
ACC10039,2025-04,747.02,142.73
ACC10040,2025-01,326.86,62.86
ACC10040,2025-02,367.12,67.59
ACC10040,2025-03,335.56,62.6
ACC10040,2025-04,328.39,53.83
ACC10041,2025-01,782.42,140.76
ACC10041,2025-02,760.77,137.81
ACC10041,2025-03,649.62,126.12
ACC10041,2025-04,526.34,86.44
ACC10042,2025-01,427.26,62.96
ACC10042,2025-02,445.29,60.95
ACC10042,2025-03,462.06,72.23
ACC10042,2025-04,413.8,66.0
ACC10043,2025-01,747.96,110.26
ACC10043,2025-02,724.61,115.43
ACC10043,2025-03,781.03,141.27
ACC10043,2025-04,623.02,104.85
ACC10044,2025-01,527.95,85.4
ACC10044,2025-02,584.62,105.94
ACC10044,2025-03,460.37,78.68
ACC10044,2025-04,454.51,89.55
ACC10045,2025-01,746.73,149.89
ACC10045,2025-02,695.95,118.03
ACC10045,2025-03,725.06,132.62
ACC10045,2025-04,728.16,138.92
ACC10046,2025-01,878.95,180.96
ACC10046,2025-02,740.56,139.75
ACC10046,2025-03,740.55,131.7
ACC10046,2025-04,690.87,128.97
ACC10047,2025-01,722.81,101.47
ACC10047,2025-02,763.39,121.02
ACC10047,2025-03,758.38,139.37
ACC10047,2025-04,867.7,134.03
ACC10048,2025-01,844.92,146.69
ACC10048,2025-02,923.49,156.0
ACC10048,2025-03,874.7,141.19
ACC10048,2025-04,791.09,156.74
ACC10049,2025-01,840.15,179.96
ACC10049,2025-02,827.8,171.37
ACC10049,2025-03,697.85,149.06
ACC10049,2025-04,692.4,149.8
ACC10050,2025-01,1093.57,208.49
ACC10050,2025-02,1091.04,211.87
ACC10050,2025-03,836.01,153.93
ACC10050,2025-04,819.7,141.59
ACC10051,2025-01,1151.79,215.92
ACC10051,2025-02,873.16,168.45
ACC10051,2025-03,1401.35,280.81
ACC10051,2025-04,1065.13,214.51
ACC10052,2025-01,450.32,77.69
ACC10052,2025-02,481.14,86.5
ACC10052,2025-03,432.44,69.76
ACC10052,2025-04,441.74,89.92
ACC10053,2025-01,621.55,99.31
ACC10053,2025-02,625.28,97.91
ACC10053,2025-03,570.99,93.69
ACC10053,2025-04,511.33,95.48
ACC10054,2025-01,647.99,108.06
ACC10054,2025-02,572.2,97.33
ACC10054,2025-03,583.52,103.23
ACC10054,2025-04,469.08,69.31
ACC10055,2025-01,437.29,70.05
ACC10055,2025-02,415.91,66.72
ACC10055,2025-03,395.82,56.64
ACC10055,2025-04,415.35,73.2
ACC10056,2025-01,907.2,189.67
ACC10056,2025-02,873.41,164.48
ACC10056,2025-03,740.63,133.3
ACC10056,2025-04,701.31,126.93
ACC10057,2025-01,755.03,134.83
ACC10057,2025-02,818.81,158.77
ACC10057,2025-03,671.99,120.23
ACC10057,2025-04,720.35,135.98
ACC10058,2025-01,476.0,77.83
ACC10058,2025-02,472.65,72.8
ACC10058,2025-03,478.02,95.38
ACC10058,2025-04,411.03,76.33
ACC10059,2025-01,321.53,41.86
ACC10059,2025-02,354.93,71.66
ACC10059,2025-03,265.72,34.98
ACC10059,2025-04,308.24,61.24
ACC10060,2025-01,593.41,96.55
ACC10060,2025-02,,77.57
ACC10060,2025-03,432.59,86.52
ACC10060,2025-04,467.37,72.26
ACC10061,2025-01,1039.75,170.12
ACC10061,2025-02,863.51,149.79
ACC10061,2025-03,902.34,155.58
ACC10061,2025-04,697.06,121.72
ACC10062,2025-01,459.8,88.5
ACC10062,2025-02,492.89,80.78
ACC10062,2025-03,522.19,98.38
ACC10062,2025-04,457.47,96.11
ACC10063,2025-01,677.7,117.46
ACC10063,2025-02,691.04,120.56
ACC10063,2025-03,575.26,114.82
ACC10063,2025-04,537.52,77.8
ACC10064,2025-01,1298.35,284.41
ACC10064,2025-02,1311.17,300.57
ACC10064,2025-03,,269.85
ACC10064,2025-04,1301.47,304.82
ACC10065,2025-01,550.07,108.08
ACC10065,2025-02,441.0,84.41
ACC10065,2025-03,440.43,71.59
ACC10065,2025-04,421.72,78.68
ACC10066,2025-01,1715.37,293.96
ACC10066,2025-02,,277.3
ACC10066,2025-03,1220.36,216.83
ACC10066,2025-04,1498.57,261.93
ACC10067,2025-01,387.47,66.87
ACC10067,2025-02,422.42,62.24
ACC10067,2025-03,324.63,62.18
ACC10067,2025-04,366.94,45.4
ACC10068,2025-01,941.07,163.99
ACC10068,2025-02,1098.12,206.44
ACC10068,2025-03,1140.8,214.92
ACC10068,2025-04,957.01,176.14
ACC10069,2025-01,1153.09,217.8
ACC10069,2025-02,980.19,184.86
ACC10069,2025-03,1005.32,205.51
ACC10069,2025-04,888.9,167.72
ACC10070,2025-01,941.3,146.79
ACC10070,2025-02,788.42,131.78
ACC10070,2025-03,600.04,97.35
ACC10070,2025-04,709.83,122.67
ACC10071,2025-01,1019.57,178.07
ACC10071,2025-02,1256.01,212.12
ACC10071,2025-03,939.31,168.94
ACC10071,2025-04,1010.52,182.12
ACC10072,2025-01,687.01,133.21
ACC10072,2025-02,750.19,135.83
ACC10072,2025-03,587.74,119.53
ACC10072,2025-04,672.21,122.25
ACC10073,2025-01,574.71,104.44
ACC10073,2025-02,675.8,148.58
ACC10073,2025-03,695.95,147.11
ACC10073,2025-04,599.66,112.51
ACC10074,2025-01,950.08,170.62
ACC10074,2025-02,925.71,168.97
ACC10074,2025-03,882.46,166.33
ACC10074,2025-04,686.15,106.33
ACC10075,2025-01,981.76,185.16
ACC10075,2025-02,1104.18,232.43
ACC10075,2025-03,1172.63,243.06
ACC10075,2025-04,957.01,187.85
ACC10076,2025-01,694.62,137.26
ACC10076,2025-02,911.1,167.63
ACC10076,2025-03,638.09,117.88
ACC10076,2025-04,747.76,133.66
ACC10077,2025-01,1280.7,251.9
ACC10077,2025-02,1233.1,223.36
ACC10077,2025-03,1093.12,206.2
ACC10077,2025-04,945.31,195.62
ACC10078,2025-01,1446.27,310.45
ACC10078,2025-02,1411.97,294.16
ACC10078,2025-03,1141.88,239.75
ACC10078,2025-04,1289.81,256.81
ACC10079,2025-01,892.28,166.34
ACC10079,2025-02,757.19,137.08
ACC10079,2025-03,690.61,121.58
ACC10079,2025-04,613.14,108.18
ACC10080,2025-01,623.35,99.75
ACC10080,2025-02,487.08,74.51
ACC10080,2025-03,592.8,100.35
ACC10080,2025-04,594.43,92.44
ACC10081,2025-01,592.59,96.86
ACC10081,2025-02,646.6,111.17
ACC10081,2025-03,513.89,71.41
ACC10081,2025-04,504.15,81.56
ACC10082,2025-01,735.56,
ACC10082,2025-02,672.36,115.75
ACC10082,2025-03,625.98,107.39
ACC10082,2025-04,670.02,103.74
ACC10083,2025-01,575.03,103.11
ACC10083,2025-02,529.5,110.77
ACC10083,2025-03,593.32,122.92
ACC10083,2025-04,663.31,117.09
ACC10084,2025-01,784.7,162.71
ACC10084,2025-02,817.86,165.6
ACC10084,2025-03,777.81,175.72
ACC10084,2025-04,951.78,198.36
ACC10085,2025-01,1762.95,317.84
ACC10085,2025-02,1519.57,277.53
ACC10085,2025-03,1797.01,331.55
ACC10085,2025-04,1267.12,236.73
ACC10086,2025-01,740.05,126.21
ACC10086,2025-02,697.31,118.8
ACC10086,2025-03,637.49,111.9
ACC10086,2025-04,497.28,89.97
ACC10087,2025-01,542.85,82.73
ACC10087,2025-02,508.17,83.46
ACC10087,2025-03,429.77,61.71
ACC10087,2025-04,467.36,70.27
ACC10088,2025-01,910.43,146.03
ACC10088,2025-02,688.33,94.36
ACC10088,2025-03,770.82,121.44
ACC10088,2025-04,763.79,121.86
ACC10089,2025-01,740.67,137.98
ACC10089,2025-02,742.15,149.96
ACC10089,2025-03,851.81,166.02
ACC10089,2025-04,568.0,99.37
ACC10090,2025-01,551.77,93.47
ACC10090,2025-02,557.33,102.5
ACC10090,2025-03,487.61,75.43
ACC10090,2025-04,548.01,80.24
ACC10091,2025-01,869.51,171.0
ACC10091,2025-02,827.61,167.15
ACC10091,2025-03,784.21,132.55
ACC10091,2025-04,807.9,138.47
ACC10092,2025-01,624.75,112.44
ACC10092,2025-02,650.3,131.48
ACC10092,2025-03,615.34,119.88
ACC10092,2025-04,611.42,99.86
ACC10093,2025-01,697.13,108.82
ACC10093,2025-02,677.47,125.25
ACC10093,2025-03,615.66,103.45
ACC10093,2025-04,611.74,100.11
ACC10094,2025-01,861.54,388.21
ACC10094,2025-02,795.51,155.04
ACC10094,2025-03,620.75,116.6
ACC10094,2025-04,767.43,151.95
ACC10095,2025-01,869.89,67.32
ACC10095,2025-02,853.19,165.85
ACC10095,2025-03,779.13,130.61
ACC10095,2025-04,782.67,125.57
ACC10096,2025-01,441.34,74.13
ACC10096,2025-02,391.23,84.92
ACC10096,2025-03,364.4,86.83
ACC10096,2025-04,382.86,75.64
ACC10097,2025-01,1220.08,221.93
ACC10097,2025-02,1351.17,235.83
ACC10097,2025-03,1201.19,213.42
ACC10097,2025-04,1346.68,246.21
ACC10098,2025-01,713.0,131.76
ACC10098,2025-02,627.71,103.32
ACC10098,2025-03,704.07,121.94
ACC10098,2025-04,544.2,100.35
ACC10099,2025-01,926.36,144.27
ACC10099,2025-02,939.48,145.4
ACC10099,2025-03,707.64,108.36
ACC10099,2025-04,798.34,115.4
ACC10100,2025-01,1231.66,268.66
ACC10100,2025-02,1032.82,
ACC10100,2025-03,1022.15,215.2
ACC10100,2025-04,961.76,208.16
ACC10101,2025-01,722.93,124.65
ACC10101,2025-02,754.41,127.51
ACC10101,2025-03,731.57,118.01
ACC10101,2025-04,737.48,125.02
ACC10102,2025-01,474.77,85.91
ACC10102,2025-02,447.57,85.3
ACC10102,2025-03,456.73,93.2
ACC10102,2025-04,439.06,96.65
ACC10103,2025-01,902.81,173.14
ACC10103,2025-02,684.45,124.61
ACC10103,2025-03,616.53,115.16
ACC10103,2025-04,788.06,155.2
ACC10104,2025-01,1108.46,207.9
ACC10104,2025-02,1105.25,203.42
ACC10104,2025-03,1165.38,210.03
ACC10104,2025-04,1146.24,216.39
ACC10105,2025-01,589.77,118.46
ACC10105,2025-02,509.24,94.71
ACC10105,2025-03,474.2,98.93
ACC10105,2025-04,453.26,93.92
ACC10106,2025-01,504.05,108.23
ACC10106,2025-02,429.91,87.41
ACC10106,2025-03,460.05,84.22
ACC10106,2025-04,458.62,84.24
ACC10107,2025-01,696.37,154.66
ACC10107,2025-02,682.66,142.25
ACC10107,2025-03,592.23,127.47
ACC10107,2025-04,759.2,158.12
ACC10108,2025-01,702.25,98.01
ACC10108,2025-02,653.12,104.82
ACC10108,2025-03,739.57,139.11
ACC10108,2025-04,615.06,108.48
ACC10109,2025-01,874.85,155.32
ACC10109,2025-02,847.83,146.78
ACC10109,2025-03,655.76,103.7
ACC10109,2025-04,812.14,141.51
ACC10110,2025-01,674.69,123.0
ACC10110,2025-02,584.0,115.03
ACC10110,2025-03,657.91,122.49
ACC10110,2025-04,623.51,122.27
ACC10111,2025-01,1212.01,237.21
ACC10111,2025-02,1018.1,201.37
ACC10111,2025-03,898.67,166.44
ACC10111,2025-04,1175.15,232.68
ACC10112,2025-01,1146.6,198.23
ACC10112,2025-02,1309.15,229.17
ACC10112,2025-03,1311.67,226.08
ACC10112,2025-04,1219.59,204.99
ACC10113,2025-01,833.86,148.26
ACC10113,2025-02,884.84,157.17
ACC10113,2025-03,964.66,172.91
ACC10113,2025-04,799.51,127.18
ACC10114,2025-01,524.46,102.7
ACC10114,2025-02,553.79,107.08
ACC10114,2025-03,515.05,90.3
ACC10114,2025-04,507.34,88.68
ACC10115,2025-01,1123.98,145.83
ACC10115,2025-02,1407.29,193.55
ACC10115,2025-03,1337.93,175.68
ACC10115,2025-04,1407.68,196.32
ACC10116,2025-01,843.63,163.6
ACC10116,2025-02,878.54,175.94
ACC10116,2025-03,,160.56
ACC10116,2025-04,563.6,100.96
ACC10117,2025-01,495.28,73.49
ACC10117,2025-02,458.15,72.25
ACC10117,2025-03,575.56,113.83
ACC10117,2025-04,443.0,73.61
ACC10118,2025-01,508.98,64.21
ACC10118,2025-02,510.63,59.62
ACC10118,2025-03,432.51,62.53
ACC10118,2025-04,485.33,72.18
ACC10119,2025-01,446.22,93.01
ACC10119,2025-02,484.52,84.48
ACC10119,2025-03,427.0,87.08
ACC10119,2025-04,467.97,91.11
ACC10120,2025-01,1282.43,262.68
ACC10120,2025-02,1570.74,330.07
ACC10120,2025-03,1049.62,
ACC10120,2025-04,1374.24,266.59
ACC10121,2025-01,505.05,85.18
ACC10121,2025-02,453.15,71.77
ACC10121,2025-03,409.24,62.65
ACC10121,2025-04,541.16,94.53
ACC10122,2025-01,1030.69,169.73
ACC10122,2025-02,771.73,120.34
ACC10122,2025-03,781.88,115.09
ACC10122,2025-04,840.62,153.69
ACC10123,2025-01,789.27,168.7
ACC10123,2025-02,689.82,146.16
ACC10123,2025-03,739.42,147.57
ACC10123,2025-04,727.76,154.31
ACC10124,2025-01,560.04,88.92
ACC10124,2025-02,656.04,97.02
ACC10124,2025-03,579.05,95.79
ACC10124,2025-04,613.22,109.02
ACC10125,2025-01,1406.6,220.77
ACC10125,2025-02,1329.71,213.26
ACC10125,2025-03,1049.36,153.41
ACC10125,2025-04,1075.69,159.61
ACC10126,2025-01,994.16,211.52
ACC10126,2025-02,1001.89,205.7
ACC10126,2025-03,1058.1,222.25
ACC10126,2025-04,1152.88,238.63
ACC10127,2025-01,1179.36,211.01
ACC10127,2025-02,1087.01,196.86
ACC10127,2025-03,910.09,170.89
ACC10127,2025-04,1057.69,197.19
ACC10128,2025-01,1269.16,268.22
ACC10128,2025-02,1236.38,258.57
ACC10128,2025-03,1126.84,248.45
ACC10128,2025-04,1242.33,257.89
ACC10129,2025-01,933.79,133.91
ACC10129,2025-02,1176.37,162.68
ACC10129,2025-03,922.0,125.75
ACC10129,2025-04,1275.97,
ACC10130,2025-01,784.88,117.35
ACC10130,2025-02,838.17,150.28
ACC10130,2025-03,625.79,101.86
ACC10130,2025-04,656.86,104.74
ACC10131,2025-01,832.74,121.21
ACC10131,2025-02,764.85,85.94
ACC10131,2025-03,642.16,98.68
ACC10131,2025-04,515.09,68.46
ACC10132,2025-01,475.08,96.39
ACC10132,2025-02,538.29,120.24
ACC10132,2025-03,453.76,91.99
ACC10132,2025-04,394.38,86.86
ACC10133,2025-01,588.74,86.87
ACC10133,2025-02,603.55,109.61
ACC10133,2025-03,552.13,80.48
ACC10133,2025-04,529.77,95.35
ACC10134,2025-01,434.03,70.96
ACC10134,2025-02,415.49,80.73
ACC10134,2025-03,379.77,65.46
ACC10134,2025-04,461.11,71.38
ACC10135,2025-01,607.95,110.42
ACC10135,2025-02,522.26,116.95
ACC10135,2025-03,546.75,97.23
ACC10135,2025-04,577.93,108.1
ACC10136,2025-01,613.73,120.19
ACC10136,2025-02,839.6,164.3
ACC10136,2025-03,616.6,113.87
ACC10136,2025-04,614.42,115.47
ACC10137,2025-01,557.7,117.5
ACC10137,2025-02,649.01,131.73
ACC10137,2025-03,544.18,118.55
ACC10137,2025-04,689.69,144.46
ACC10138,2025-01,471.5,79.85
ACC10138,2025-02,452.05,234.28
ACC10138,2025-03,434.86,86.9
ACC10138,2025-04,423.95,95.13
ACC10139,2025-01,1145.1,139.14
ACC10139,2025-02,975.43,120.4
ACC10139,2025-03,1209.38,139.65
ACC10139,2025-04,1111.29,128.98
ACC10140,2025-01,575.61,124.32
ACC10140,2025-02,494.75,118.57
ACC10140,2025-03,586.65,42.55
ACC10140,2025-04,585.15,111.34
ACC10141,2025-01,1141.0,194.05
ACC10141,2025-02,1097.13,195.93
ACC10141,2025-03,1085.98,193.65
ACC10141,2025-04,1057.95,187.68
ACC10142,2025-01,560.74,136.03
ACC10142,2025-02,755.97,162.97
ACC10142,2025-03,739.32,174.01
ACC10142,2025-04,663.26,149.19
ACC10143,2025-01,741.5,141.57
ACC10143,2025-02,726.57,120.45
ACC10143,2025-03,702.24,130.83
ACC10143,2025-04,691.22,127.49
ACC10144,2025-01,639.54,90.15
ACC10144,2025-02,716.93,115.06
ACC10144,2025-03,608.66,74.61
ACC10144,2025-04,557.26,98.92
ACC10145,2025-01,525.33,109.86
ACC10145,2025-02,601.4,114.91
ACC10145,2025-03,683.73,140.13
ACC10145,2025-04,537.71,95.92
ACC10146,2025-01,679.85,126.14
ACC10146,2025-02,787.89,148.94
ACC10146,2025-03,768.25,146.85
ACC10146,2025-04,736.13,142.87
ACC10147,2025-01,986.52,166.95
ACC10147,2025-02,1185.23,196.49
ACC10147,2025-03,854.42,130.53
ACC10147,2025-04,840.61,124.99
ACC10148,2025-01,799.01,143.72
ACC10148,2025-02,784.82,157.62
ACC10148,2025-03,879.8,166.5
ACC10148,2025-04,698.93,155.18
ACC10149,2025-01,911.67,177.01
ACC10149,2025-02,971.43,179.33
ACC10149,2025-03,891.35,159.5
ACC10149,2025-04,846.31,163.3
ACC10150,2025-01,581.97,95.92
ACC10150,2025-02,598.66,98.65
ACC10150,2025-03,582.39,95.37
ACC10150,2025-04,604.35,99.06
ACC10151,2025-01,715.25,122.45
ACC10151,2025-02,618.18,107.54
ACC10151,2025-03,453.16,75.56
ACC10151,2025-04,688.83,
ACC10152,2025-01,859.14,148.08
ACC10152,2025-02,655.87,126.93
ACC10152,2025-03,665.59,137.6
ACC10152,2025-04,694.25,117.1
ACC10153,2025-01,482.46,58.8
ACC10153,2025-02,473.06,67.77
ACC10153,2025-03,502.94,61.51
ACC10153,2025-04,353.24,49.1
ACC10154,2025-01,1026.99,181.9
ACC10154,2025-02,1123.07,201.43
ACC10154,2025-03,913.89,156.66
ACC10154,2025-04,771.1,155.7
ACC10155,2025-01,719.46,140.75
ACC10155,2025-02,798.65,155.28
ACC10155,2025-03,525.14,96.92
ACC10155,2025-04,674.13,135.83
ACC10156,2025-01,419.05,66.43
ACC10156,2025-02,383.71,58.48
ACC10156,2025-03,375.01,68.24
ACC10156,2025-04,437.21,71.2
ACC10157,2025-01,616.46,103.51
ACC10157,2025-02,608.16,106.09
ACC10157,2025-03,539.25,99.87
ACC10157,2025-04,654.78,107.0
ACC10158,2025-01,803.33,140.96
ACC10158,2025-02,663.89,106.48
ACC10158,2025-03,708.26,132.6
ACC10158,2025-04,549.82,99.32
ACC10159,2025-01,1231.91,212.35
ACC10159,2025-02,1153.72,191.17
ACC10159,2025-03,812.66,151.33
ACC10159,2025-04,956.95,165.68
ACC10160,2025-01,465.73,64.86
ACC10160,2025-02,491.88,78.29
ACC10160,2025-03,444.7,69.41
ACC10160,2025-04,498.86,67.19
ACC10161,2025-01,850.85,161.05
ACC10161,2025-02,731.74,159.16
ACC10161,2025-03,721.56,368.13
ACC10161,2025-04,671.72,133.06
ACC10162,2025-01,848.1,149.01
ACC10162,2025-02,793.97,143.16
ACC10162,2025-03,999.95,160.73
ACC10162,2025-04,799.39,133.77
ACC10163,2025-01,1014.25,192.91
ACC10163,2025-02,960.58,182.86
ACC10163,2025-03,655.92,131.4
ACC10163,2025-04,888.91,169.45
ACC10164,2025-01,509.75,83.15
ACC10164,2025-02,516.64,93.09
ACC10164,2025-03,376.12,69.24
ACC10164,2025-04,457.12,73.06
ACC10165,2025-01,349.05,71.53
ACC10165,2025-02,391.47,74.83
ACC10165,2025-03,413.31,87.91
ACC10165,2025-04,410.82,18.22
ACC10166,2025-01,679.48,136.52
ACC10166,2025-02,629.64,116.83
ACC10166,2025-03,609.04,111.05
ACC10166,2025-04,630.34,130.54
ACC10167,2025-01,1757.25,292.03
ACC10167,2025-02,1987.0,308.37
ACC10167,2025-03,1650.22,260.75
ACC10167,2025-04,1659.58,256.62
ACC10168,2025-01,756.38,115.57
ACC10168,2025-02,729.33,95.05
ACC10168,2025-03,745.52,113.28
ACC10168,2025-04,629.2,90.9
ACC10169,2025-01,430.9,78.55
ACC10169,2025-02,426.27,73.11
ACC10169,2025-03,391.71,
ACC10169,2025-04,408.14,72.08
ACC10170,2025-01,550.31,77.49
ACC10170,2025-02,558.79,86.29
ACC10170,2025-03,553.47,101.21
ACC10170,2025-04,479.63,72.88
ACC10171,2025-01,526.18,70.92
ACC10171,2025-02,531.13,105.59
ACC10171,2025-03,450.29,78.69
ACC10171,2025-04,520.02,87.16
ACC10172,2025-01,668.6,89.01
ACC10172,2025-02,564.69,76.96
ACC10172,2025-03,537.86,68.11
ACC10172,2025-04,605.83,70.77
ACC10173,2025-01,1037.31,173.1
ACC10173,2025-02,1236.17,188.74
ACC10173,2025-03,914.95,134.88
ACC10173,2025-04,1017.33,154.98
ACC10174,2025-01,729.91,119.4
ACC10174,2025-02,707.37,134.21
ACC10174,2025-03,585.3,103.48
ACC10174,2025-04,622.5,112.56
ACC10175,2025-01,706.12,137.47
ACC10175,2025-02,717.19,144.09
ACC10175,2025-03,575.72,123.15
ACC10175,2025-04,580.93,128.88
ACC10176,2025-01,548.63,87.44
ACC10176,2025-02,651.71,114.27
ACC10176,2025-03,625.06,122.92
ACC10176,2025-04,478.77,80.82
ACC10177,2025-01,478.01,70.15
ACC10177,2025-02,456.5,73.92
ACC10177,2025-03,407.35,73.73
ACC10177,2025-04,421.22,91.74
ACC10178,2025-01,572.31,117.49
ACC10178,2025-02,731.08,135.02
ACC10178,2025-03,517.21,95.53
ACC10178,2025-04,530.68,107.98
ACC10179,2025-01,773.07,132.76
ACC10179,2025-02,1092.39,208.42
ACC10179,2025-03,1032.24,175.04
ACC10179,2025-04,957.2,182.25
ACC10180,2025-01,442.74,77.22
ACC10180,2025-02,351.12,60.54
ACC10180,2025-03,378.94,66.97
ACC10180,2025-04,369.69,62.94
ACC10181,2025-01,736.26,135.76
ACC10181,2025-02,766.39,129.36
ACC10181,2025-03,723.27,136.58
ACC10181,2025-04,693.08,138.57
ACC10182,2025-01,399.38,56.07
ACC10182,2025-02,395.35,51.86
ACC10182,2025-03,376.88,60.42
ACC10182,2025-04,370.5,49.98
ACC10183,2025-01,413.21,85.89
ACC10183,2025-02,335.84,71.01
ACC10183,2025-03,363.56,83.5
ACC10183,2025-04,305.42,57.86
ACC10184,2025-01,888.43,164.25
ACC10184,2025-02,1058.06,192.37
ACC10184,2025-03,929.22,166.26
ACC10184,2025-04,1043.67,181.85
ACC10185,2025-01,682.03,110.94
ACC10185,2025-02,544.78,81.88
ACC10185,2025-03,571.8,94.1
ACC10185,2025-04,548.02,104.05
ACC10186,2025-01,596.73,115.55
ACC10186,2025-02,644.37,113.43
ACC10186,2025-03,549.79,109.85
ACC10186,2025-04,581.22,96.13
ACC10187,2025-01,1105.42,183.19
ACC10187,2025-02,996.68,159.04
ACC10187,2025-03,862.14,141.91
ACC10187,2025-04,847.9,136.11
ACC10188,2025-01,980.41,155.9
ACC10188,2025-02,933.57,142.93
ACC10188,2025-03,1019.13,186.46
ACC10188,2025-04,1085.18,170.13
ACC10189,2025-01,947.03,198.21
ACC10189,2025-02,793.11,167.45
ACC10189,2025-03,806.2,330.7
ACC10189,2025-04,761.31,163.03
ACC10190,2025-01,976.8,143.28
ACC10190,2025-02,1072.74,171.64
ACC10190,2025-03,846.51,142.74
ACC10190,2025-04,956.82,148.64
ACC10191,2025-01,672.39,134.4
ACC10191,2025-02,673.41,126.36
ACC10191,2025-03,578.37,117.68
ACC10191,2025-04,549.42,114.15
ACC10192,2025-01,618.29,94.26
ACC10192,2025-02,655.7,100.33
ACC10192,2025-03,499.87,103.28
ACC10192,2025-04,515.78,86.37
ACC10193,2025-01,424.2,94.1
ACC10193,2025-02,522.2,95.18
ACC10193,2025-03,449.53,82.01
ACC10193,2025-04,518.71,109.88
ACC10194,2025-01,385.45,76.62
ACC10194,2025-02,364.91,75.57
ACC10194,2025-03,382.24,56.42
ACC10194,2025-04,357.54,55.06
ACC10195,2025-01,432.36,61.2
ACC10195,2025-02,474.17,71.83
ACC10195,2025-03,414.37,68.1
ACC10195,2025-04,409.04,90.41
ACC10196,2025-01,645.84,114.19
ACC10196,2025-02,802.26,140.15
ACC10196,2025-03,778.79,134.38
ACC10196,2025-04,693.51,123.55
ACC10197,2025-01,793.49,130.77
ACC10197,2025-02,755.69,130.22
ACC10197,2025-03,759.11,126.21
ACC10197,2025-04,709.52,125.0
ACC10198,2025-01,716.42,138.13
ACC10198,2025-02,613.96,112.91
ACC10198,2025-03,522.52,92.59
ACC10198,2025-04,746.06,133.62
ACC10199,2025-01,819.92,136.38
ACC10199,2025-02,753.14,124.8
ACC10199,2025-03,757.82,121.78
ACC10199,2025-04,683.16,104.43
ACC10200,2025-01,903.29,180.17
ACC10200,2025-02,890.6,173.16
ACC10200,2025-03,826.97,157.14
ACC10200,2025-04,759.98,162.8
ACC10201,2025-01,685.87,116.34
ACC10201,2025-02,565.0,103.16
ACC10201,2025-03,591.96,89.78
ACC10201,2025-04,668.63,116.45
ACC10202,2025-01,527.21,113.56
ACC10202,2025-02,573.28,124.84
ACC10202,2025-03,448.4,91.37
ACC10202,2025-04,475.82,106.37
ACC10203,2025-01,784.02,128.18
ACC10203,2025-02,670.76,98.36
ACC10203,2025-03,743.37,101.25
ACC10203,2025-04,718.06,114.08
ACC10204,2025-01,1297.43,217.56
ACC10204,2025-02,1231.01,215.33
ACC10204,2025-03,1055.33,187.52
ACC10204,2025-04,996.56,171.9
ACC10205,2025-01,1267.31,238.74
ACC10205,2025-02,916.82,169.18
ACC10205,2025-03,1030.66,203.11
ACC10205,2025-04,976.7,179.72
ACC10206,2025-01,1123.78,197.61
ACC10206,2025-02,1043.97,167.01
ACC10206,2025-03,870.39,120.87
ACC10206,2025-04,860.33,125.04
ACC10207,2025-01,476.69,105.26
ACC10207,2025-02,449.69,95.05
ACC10207,2025-03,462.53,98.93
ACC10207,2025-04,444.23,93.7
ACC10208,2025-01,548.0,81.13
ACC10208,2025-02,686.96,94.03
ACC10208,2025-03,618.86,94.41
ACC10208,2025-04,487.11,131.64
ACC10209,2025-01,785.52,148.74
ACC10209,2025-02,978.75,189.97
ACC10209,2025-03,799.55,146.36
ACC10209,2025-04,756.44,145.76
ACC10210,2025-01,835.29,167.42
ACC10210,2025-02,832.22,166.55
ACC10210,2025-03,814.74,150.47
ACC10210,2025-04,613.96,130.59
ACC10211,2025-01,782.24,120.16
ACC10211,2025-02,818.81,115.21
ACC10211,2025-03,873.07,118.84
ACC10211,2025-04,704.67,104.37
ACC10212,2025-01,963.2,184.53
ACC10212,2025-02,925.96,173.79
ACC10212,2025-03,807.54,154.23
ACC10212,2025-04,819.77,161.88
ACC10213,2025-01,859.47,156.01
ACC10213,2025-02,932.52,170.22
ACC10213,2025-03,1037.71,183.51
ACC10213,2025-04,886.02,168.82
ACC10214,2025-01,766.74,176.46
ACC10214,2025-02,733.22,163.45
ACC10214,2025-03,742.46,175.13
ACC10214,2025-04,747.54,179.58
ACC10215,2025-01,946.23,167.19
ACC10215,2025-02,691.24,114.28
ACC10215,2025-03,613.29,113.81
ACC10215,2025-04,652.44,114.12
ACC10216,2025-01,689.31,125.56
ACC10216,2025-02,769.96,154.67
ACC10216,2025-03,707.38,131.2
ACC10216,2025-04,730.99,136.32
ACC10217,2025-01,725.0,121.88
ACC10217,2025-02,680.34,119.59
ACC10217,2025-03,747.24,106.72
ACC10217,2025-04,540.14,82.1
ACC10218,2025-01,554.56,78.14
ACC10218,2025-02,590.85,94.03
ACC10218,2025-03,544.72,90.37
ACC10218,2025-04,551.06,84.33
ACC10219,2025-01,,235.11
ACC10219,2025-02,1336.18,246.92
ACC10219,2025-03,1452.77,264.56
ACC10219,2025-04,1766.42,330.63
ACC10220,2025-01,893.6,144.5
ACC10220,2025-02,1009.97,148.14
ACC10220,2025-03,886.27,143.14
ACC10220,2025-04,883.12,136.01
ACC10221,2025-01,643.29,118.35
ACC10221,2025-02,706.4,122.3
ACC10221,2025-03,553.11,101.1
ACC10221,2025-04,614.95,105.04
ACC10222,2025-01,1146.55,243.07
ACC10222,2025-02,927.42,185.22
ACC10222,2025-03,924.12,183.66
ACC10222,2025-04,863.15,160.39
ACC10223,2025-01,802.23,125.72
ACC10223,2025-02,707.92,118.42
ACC10223,2025-03,733.99,125.47
ACC10223,2025-04,881.13,147.28
ACC10224,2025-01,795.05,138.64
ACC10224,2025-02,828.22,122.88
ACC10224,2025-03,826.29,130.2
ACC10224,2025-04,754.66,117.14
ACC10225,2025-01,1019.01,174.54
ACC10225,2025-02,1242.31,198.63
ACC10225,2025-03,906.08,142.53
ACC10225,2025-04,1070.49,184.76
ACC10226,2025-01,571.87,82.92
ACC10226,2025-02,591.09,95.94
ACC10226,2025-03,503.17,91.69
ACC10226,2025-04,539.83,100.66
ACC10227,2025-01,339.7,54.25
ACC10227,2025-02,351.07,64.0
ACC10227,2025-03,323.14,51.38
ACC10227,2025-04,248.37,37.16
ACC10228,2025-01,947.03,157.08
ACC10228,2025-02,902.1,118.19
ACC10228,2025-03,706.32,126.82
ACC10228,2025-04,765.56,105.23
ACC10229,2025-01,1317.55,239.73
ACC10229,2025-02,1240.86,226.59
ACC10229,2025-03,1153.83,226.22
ACC10229,2025-04,1183.33,200.67
ACC10230,2025-01,1008.57,201.16
ACC10230,2025-02,1005.17,211.3
ACC10230,2025-03,1029.0,202.71
ACC10230,2025-04,776.92,155.13
ACC10231,2025-01,469.41,72.66
ACC10231,2025-02,672.55,105.14
ACC10231,2025-03,703.75,114.26
ACC10231,2025-04,665.76,110.08
ACC10232,2025-01,1169.02,217.4
ACC10232,2025-02,1079.28,203.23
ACC10232,2025-03,907.84,171.72
ACC10232,2025-04,1143.66,210.08
ACC10233,2025-01,993.45,203.91
ACC10233,2025-02,679.22,143.48
ACC10233,2025-03,630.76,141.16
ACC10233,2025-04,824.44,177.13
ACC10234,2025-01,576.16,85.55
ACC10234,2025-02,533.92,80.2
ACC10234,2025-03,651.75,103.75
ACC10234,2025-04,564.05,90.77
ACC10235,2025-01,1026.79,179.41
ACC10235,2025-02,1397.23,238.43
ACC10235,2025-03,1154.13,197.82
ACC10235,2025-04,1351.31,244.09
ACC10236,2025-01,963.62,187.01
ACC10236,2025-02,852.59,146.57
ACC10236,2025-03,892.49,174.34
ACC10236,2025-04,985.62,202.24
ACC10237,2025-01,1286.95,209.81
ACC10237,2025-02,1671.68,279.38
ACC10237,2025-03,1348.42,212.7
ACC10237,2025-04,1105.57,183.25
ACC10238,2025-01,517.81,103.48
ACC10238,2025-02,505.25,69.02
ACC10238,2025-03,500.23,82.06
ACC10238,2025-04,478.24,83.11
ACC10239,2025-01,592.41,111.86
ACC10239,2025-02,747.52,141.46
ACC10239,2025-03,533.73,109.86
ACC10239,2025-04,707.49,138.17
ACC10240,2025-01,323.3,65.23
ACC10240,2025-02,353.24,59.29
ACC10240,2025-03,336.83,63.92
ACC10240,2025-04,329.7,68.71
ACC10241,2025-01,677.22,129.6
ACC10241,2025-02,601.66,106.91
ACC10241,2025-03,616.23,120.16
ACC10241,2025-04,456.77,86.89
ACC10242,2025-01,466.08,87.05
ACC10242,2025-02,624.08,142.86
ACC10242,2025-03,472.62,94.91
ACC10242,2025-04,542.14,96.05
ACC10243,2025-01,463.62,77.36
ACC10243,2025-02,405.46,79.78
ACC10243,2025-03,441.8,72.43
ACC10243,2025-04,364.3,78.11
ACC10244,2025-01,405.95,82.23
ACC10244,2025-02,441.01,80.78
ACC10244,2025-03,370.49,76.51
ACC10244,2025-04,451.79,89.57
ACC10245,2025-01,712.46,142.3
ACC10245,2025-02,853.79,184.26
ACC10245,2025-03,690.41,128.5
ACC10245,2025-04,772.56,154.44
ACC10246,2025-01,673.04,109.1
ACC10246,2025-02,612.28,105.99
ACC10246,2025-03,638.26,104.9
ACC10246,2025-04,473.51,66.08
ACC10247,2025-01,487.85,65.49
ACC10247,2025-02,,64.63
ACC10247,2025-03,430.62,76.78
ACC10247,2025-04,480.29,73.97
ACC10248,2025-01,676.74,120.62
ACC10248,2025-02,595.79,102.37
ACC10248,2025-03,474.67,83.02
ACC10248,2025-04,641.09,107.6
ACC10249,2025-01,1485.77,240.97
ACC10249,2025-02,1439.56,120.59
ACC10249,2025-03,1336.11,223.73
ACC10249,2025-04,1504.08,244.21
ACC10250,2025-01,1102.74,176.92
ACC10250,2025-02,1136.0,206.22
ACC10250,2025-03,919.8,135.11
ACC10250,2025-04,880.13,155.93
ACC10131,2025-02,764.85,85.94
ACC10185,2025-02,544.78,81.88
ACC10186,2025-01,596.73,115.55
ACC10166,2025-01,679.48,136.52
ACC10103,2025-04,788.06,155.2
ACC10170,2025-03,553.47,101.21
ACC10157,2025-03,539.25,99.87
ACC10129,2025-02,1176.37,162.68
